{"stats":{"minecraft:used":{"modernlife:terracotta_ramp":6},"minecraft:custom":{"minecraft:jump":113,"minecraft:time_since_rest":23849,"minecraft:damage_dealt":10,"minecraft:crouch_one_cm":1066,"minecraft:leave_game":1,"minecraft:sprint_one_cm":5568,"minecraft:play_time":23849,"minecraft:walk_on_water_one_cm":1733,"minecraft:time_since_death":23849,"minecraft:walk_one_cm":31292,"minecraft:sneak_time":1635,"minecraft:climb_one_cm":123,"minecraft:total_world_time":23849,"minecraft:walk_under_water_one_cm":3810,"minecraft:fall_one_cm":2624,"minecraft:fly_one_cm":487986}},"DataVersion":3465}