{"stats":{"minecraft:picked_up":{"minecraft:stick":18,"minecraft:raw_iron":1,"minecraft:sandstone":110,"modernlife:terracotta_ramp":12,"minecraft:andesite":32,"minecraft:gravel":4,"minecraft:sand":577,"minecraft:flint":2,"croptopia:calamari":2,"minecraft:spruce_sapling":16,"minecraft:ink_sac":3,"minecraft:diorite":93,"minecraft:spruce_log":47,"minecraft:dirt":684,"minecraft:raw_copper":33,"minecraft:arrow":2,"minecraft:bone":2,"minecraft:apple":1,"minecraft:lever":2,"minecraft:granite":54,"aquaculture:carp":1,"minecraft:oak_sapling":1,"minecraft:coal":4,"aquaculture:atlantic_herring":1,"minecraft:cobblestone":358,"minecraft:egg":3},"minecraft:used":{"minecraft:redstone_torch":2,"minecraft:lever":6,"minecraft:apple":1,"minecraft:command_block":2,"modernlife:terracotta_ramp":30,"minecraft:grass_block":7,"minecraft:redstone":11,"minecraft:sandstone":13,"minecraft:stone":31,"minecraft:redstone_block":18,"minecraft:spruce_leaves":11,"minecraft:sand":6,"minecraft:tnt":431,"minecraft:obsidian":1},"minecraft:custom":{"minecraft:time_since_rest":28398,"minecraft:sprint_one_cm":60510,"minecraft:damage_taken":10,"minecraft:walk_one_cm":146682,"minecraft:swim_one_cm":1347,"minecraft:fly_one_cm":201374,"minecraft:crouch_one_cm":20078,"minecraft:play_time":28398,"minecraft:sneak_time":1759,"minecraft:walk_under_water_one_cm":1137,"minecraft:jump":244,"minecraft:leave_game":2,"minecraft:time_since_death":28398,"minecraft:walk_on_water_one_cm":1972,"minecraft:total_world_time":28398,"minecraft:fall_one_cm":209}},"DataVersion":3465}