{"stats":{"minecraft:used":{"minecraft:redstone_torch":2,"minecraft:lever":6,"minecraft:stone":31,"minecraft:apple":1,"minecraft:obsidian":1,"minecraft:command_block":2,"minecraft:tnt":98,"minecraft:redstone":11},"minecraft:custom":{"minecraft:jump":95,"minecraft:time_since_rest":11394,"minecraft:crouch_one_cm":2156,"minecraft:leave_game":1,"minecraft:play_time":11394,"minecraft:sprint_one_cm":7400,"minecraft:time_since_death":11394,"minecraft:walk_one_cm":15920,"minecraft:sneak_time":527,"minecraft:total_world_time":11394,"minecraft:fall_one_cm":209,"minecraft:fly_one_cm":46739},"minecraft:picked_up":{"minecraft:apple":1,"minecraft:lever":2,"minecraft:dirt":19,"minecraft:raw_copper":5}},"DataVersion":3465}